{
  "scaler_min": [
    0.0,
    0.0091166013689089,
    0.0,
    0.0
  ],
  "scaler_max": [
    0.5196020739812443,
    16.646876307762554,
    0.3461178671655753,
    0.0811274377863745
  ],
  "regimes": [
    {
      "regime_id": 0,
      "centroid": [
        0.0055355522364823,
        0.03812370960227207,
        0.0038671156192275373,
        0.00034292204557628077
      ],
      "feature_ranges": {
        "T_avg": {
          "min": 0.0,
          "max": 0.38149064524934984,
          "mean": 0.005535552236482301
        },
        "U_res": {
          "min": 0.0,
          "max": 1.0000000000000002,
          "mean": 0.03812370960227205
        },
        "F_rate": {
          "min": 0.0,
          "max": 0.36411115087429186,
          "mean": 0.0038671156192275386
        },
        "R_sec": {
          "min": 0.0,
          "max": 0.0033766021072664503,
          "mean": 0.0003429220455762806
        }
      },
      "recommended_config": {
        "p1": 1,
        "p2": 0,
        "p3": 0,
        "p4": 0.0,
        "p5": 0.0
      },
      "score": -0.0007254140374648284
    },
    {
      "regime_id": 1,
      "centroid": [
        0.0007645098343444373,
        0.03171379184271111,
        0.0,
        0.41789774302783805
      ],
      "feature_ranges": {
        "T_avg": {
          "min": 0.0006731141237208086,
          "max": 0.002495508392333332,
          "mean": 0.0007645098343444373
        },
        "U_res": {
          "min": 0.000273498935391172,
          "max": 0.2583052892707138,
          "mean": 0.03171379184271112
        },
        "F_rate": {
          "min": 0.0,
          "max": 0.0,
          "mean": 0.0
        },
        "R_sec": {
          "min": 0.4175056865173157,
          "max": 0.4303441493668416,
          "mean": 0.417897743027838
        }
      },
      "recommended_config": {
        "p1": 1,
        "p2": 1,
        "p3": 0,
        "p4": 0.0,
        "p5": 0.0
      },
      "score": 0.11618117936854935
    },
    {
      "regime_id": 2,
      "centroid": [
        0.0016609029007420776,
        0.04296934838341263,
        0.0,
        0.8339258149811261
      ],
      "feature_ranges": {
        "T_avg": {
          "min": 0.000860242265553456,
          "max": 0.03180698539449395,
          "mean": 0.0016609029007420778
        },
        "U_res": {
          "min": 0.00013667454112427488,
          "max": 0.5307651593540437,
          "mean": 0.042969348383412605
        },
        "F_rate": {
          "min": 0.0,
          "max": 0.0,
          "mean": 0.0
        },
        "R_sec": {
          "min": 0.7051049394930059,
          "max": 1.0,
          "mean": 0.8339258149811266
        }
      },
      "recommended_config": {
        "p1": 1,
        "p2": 1,
        "p3": 1,
        "p4": 0.0,
        "p5": 0.0
      },
      "score": 0.25592431399018634
    },
    {
      "regime_id": 3,
      "centroid": [
        0.8379286188714964,
        0.04817858998984871,
        0.8348988016923174,
        0.0001393541632454226
      ],
      "feature_ranges": {
        "T_avg": {
          "min": 0.4425837825631937,
          "max": 0.9999999999999999,
          "mean": 0.8379286188714964
        },
        "U_res": {
          "min": 0.021194397934374214,
          "max": 0.3543934226542968,
          "mean": 0.04817858998984871
        },
        "F_rate": {
          "min": 0.42244191614704174,
          "max": 1.0,
          "mean": 0.8348988016923176
        },
        "R_sec": {
          "min": 0.0,
          "max": 0.0017318530657724944,
          "mean": 0.0001393541632454226
        }
      },
      "recommended_config": {
        "p1": 1,
        "p2": 0,
        "p3": 0,
        "p4": 0.0,
        "p5": 0.0
      },
      "score": -0.16696025075560916
    }
  ]
}